{"theta_0": 0.0435513912507848, "theta": [[-0.000126339107475792], [-0.00028621386700277194], [-0.00022681411776883677], [-9.689993795805389e-05], [-7.811036487267516e-05], [-3.5481898810808876e-05], [-0.00014051157990897713], [-0.0001629507831910663], [-0.00011650187241812132], [-5.8755005977510474e-05], [-2.62619269247073e-05], [-7.756105789832726e-05], [-5.932232194609133e-05], [-6.771051789340008e-05], [4.8818741088745715e-05], [-3.0227513211031398e-05], [-5.959147426869379e-05], [-0.0001119968235443401], [-0.0004183056882260933], [-0.00018342976594036518], [0.0002013827444448379], [-0.00012333572617933452], [-8.421729025379838e-05], [-7.870662283008484e-05], [-0.0012650152225508386], [-0.0008219083980100739], [-0.011102445174657903], [-0.03021599036845332]]}